infection,cases,rate_per_1000
HAP,88,9.14190733430293
SSI,111,11.53126947849574
BSI,23,2.3893621441928112
UTI,155,16.102223145647205
CDI,37,3.8437564928319135
